{
  "jupiter": {
    "ra": 93.82917,
    "dec": 23.25317
  },
  "moons": {
    "Io": {
      "dra": 92.01658982143289,
      "ddec": -4.787999999997794,
      "alt": 43.026104,
      "az": 264.780398
    },
    "Europa": {
      "dra": -20.870764981069193,
      "ddec": -3.8520000000076493,
      "alt": 43.000532,
      "az": 264.805236
    },
    "Ganymede": {
      "dra": 159.25948238327456,
      "ddec": -14.00400000000701,
      "alt": 43.039947,
      "az": 264.762895
    },
    "Callisto": {
      "dra": -405.5411242994329,
      "ddec": 13.428000000003237,
      "alt": 42.915657,
      "az": 264.894153
    }
  },
  "time_iso": "2025-06-26 20:21:45.054"
}
